_id,CT,BPAD,BPAN,BPAN2,BWAD,BWAN,BWAN2,BMAD,BMAN,BMAN2,year
1,100500,1301.0,198.0,113.0,750.0,115.0,58.0,551.0,83.0,55.0,2015.0
2,101100,1170.0,112.0,70.0,653.0,65.0,38.0,517.0,47.0,32.0,2015.0
3,101400,1960.0,202.0,121.0,1081.0,106.0,61.0,879.0,96.0,60.0,2015.0
4,101600,633.0,52.0,33.0,370.0,35.0,23.0,263.0,17.0,10.0,2015.0
5,101700,844.0,87.0,58.0,501.0,52.0,38.0,343.0,35.0,20.0,2015.0
6,101800,1589.0,195.0,119.0,894.0,108.0,72.0,695.0,87.0,47.0,2015.0
7,10300,614.0,38.0,34.0,276.0,21.0,19.0,338.0,17.0,15.0,2015.0
8,110200,2160.0,160.0,95.0,1194.0,78.0,47.0,966.0,82.0,48.0,2015.0
9,110600,1576.0,98.0,64.0,869.0,58.0,36.0,707.0,40.0,28.0,2015.0
10,111300,1339.0,109.0,69.0,784.0,61.0,35.0,555.0,48.0,34.0,2015.0
11,111400,749.0,55.0,36.0,406.0,41.0,26.0,343.0,14.0,10.0,2015.0
12,111500,1764.0,204.0,124.0,1056.0,137.0,82.0,708.0,67.0,42.0,2015.0
13,120300,894.0,95.0,63.0,544.0,62.0,40.0,350.0,33.0,23.0,2015.0
14,120400,441.0,46.0,27.0,254.0,27.0,16.0,187.0,19.0,11.0,2015.0
15,120700,417.0,53.0,30.0,242.0,37.0,17.0,175.0,16.0,13.0,2015.0
16,120800,396.0,51.0,24.0,236.0,37.0,17.0,160.0,14.0,7.0,2015.0
17,130100,1148.0,109.0,65.0,712.0,68.0,34.0,436.0,41.0,31.0,2015.0
18,130200,662.0,86.0,52.0,413.0,59.0,37.0,249.0,27.0,15.0,2015.0
19,130300,750.0,88.0,49.0,443.0,57.0,29.0,307.0,31.0,20.0,2015.0
20,130400,631.0,70.0,40.0,375.0,43.0,26.0,256.0,27.0,14.0,2015.0
21,130600,2040.0,200.0,120.0,1238.0,125.0,72.0,802.0,75.0,48.0,2015.0
22,140100,1490.0,86.0,44.0,777.0,37.0,14.0,713.0,49.0,30.0,2015.0
23,140200,1011.0,45.0,22.0,517.0,20.0,12.0,494.0,25.0,10.0,2015.0
24,140300,2072.0,133.0,60.0,1097.0,72.0,30.0,975.0,61.0,30.0,2015.0
25,140400,1572.0,68.0,40.0,813.0,33.0,19.0,759.0,35.0,21.0,2015.0
26,140500,992.0,99.0,56.0,562.0,53.0,28.0,430.0,46.0,28.0,2015.0
27,140600,1959.0,126.0,70.0,1059.0,71.0,33.0,900.0,55.0,37.0,2015.0
28,140800,2887.0,175.0,92.0,1491.0,80.0,41.0,1396.0,95.0,51.0,2015.0
29,141000,608.0,43.0,22.0,337.0,24.0,11.0,271.0,19.0,11.0,2015.0
30,141100,879.0,84.0,52.0,464.0,42.0,25.0,415.0,42.0,27.0,2015.0
31,141300,2472.0,210.0,77.0,1312.0,111.0,35.0,1160.0,99.0,42.0,2015.0
32,141400,3333.0,284.0,139.0,1746.0,148.0,57.0,1587.0,136.0,82.0,2015.0
33,151600,1463.0,147.0,84.0,784.0,72.0,40.0,679.0,75.0,44.0,2015.0
34,151700,2820.0,276.0,167.0,1521.0,158.0,93.0,1299.0,118.0,74.0,2015.0
35,160800,1218.0,102.0,64.0,636.0,60.0,31.0,582.0,42.0,33.0,2015.0
36,160900,1004.0,120.0,65.0,543.0,75.0,35.0,461.0,45.0,30.0,2015.0
37,170200,1408.0,115.0,58.0,713.0,69.0,32.0,695.0,46.0,26.0,2015.0
38,170600,798.0,69.0,43.0,412.0,39.0,23.0,386.0,30.0,20.0,2015.0
39,180300,1313.0,111.0,80.0,765.0,75.0,52.0,548.0,36.0,28.0,2015.0
40,180700,1037.0,121.0,69.0,561.0,69.0,41.0,476.0,52.0,28.0,2015.0
41,190300,900.0,82.0,49.0,514.0,44.0,23.0,386.0,38.0,26.0,2015.0
42,191100,1224.0,128.0,64.0,657.0,60.0,25.0,567.0,68.0,39.0,2015.0
43,191400,1223.0,143.0,85.0,660.0,81.0,43.0,563.0,62.0,42.0,2015.0
44,191500,994.0,102.0,77.0,529.0,52.0,40.0,465.0,50.0,37.0,2015.0
45,191600,2283.0,227.0,160.0,1206.0,119.0,85.0,1077.0,108.0,75.0,2015.0
46,191700,1937.0,195.0,119.0,1059.0,115.0,69.0,878.0,80.0,50.0,2015.0
47,191800,3111.0,322.0,191.0,1744.0,180.0,107.0,1367.0,142.0,84.0,2015.0
48,191900,1207.0,84.0,43.0,658.0,47.0,22.0,549.0,37.0,21.0,2015.0
49,192000,1937.0,216.0,131.0,1034.0,117.0,70.0,903.0,99.0,61.0,2015.0
50,20100,5438.0,330.0,210.0,2759.0,172.0,98.0,2679.0,158.0,112.0,2015.0
51,202200,1512.0,166.0,106.0,846.0,99.0,56.0,666.0,67.0,50.0,2015.0
52,202300,2099.0,259.0,140.0,1151.0,149.0,66.0,948.0,110.0,74.0,2015.0
53,20300,382.0,17.0,7.0,191.0,9.0,2.0,191.0,8.0,5.0,2015.0
54,210700,1108.0,146.0,94.0,644.0,89.0,62.0,464.0,57.0,32.0,2015.0
55,220600,789.0,68.0,51.0,394.0,35.0,25.0,395.0,33.0,26.0,2015.0
56,240600,1433.0,141.0,84.0,719.0,69.0,37.0,714.0,72.0,47.0,2015.0
57,241200,515.0,69.0,47.0,279.0,36.0,28.0,236.0,33.0,19.0,2015.0
58,250300,642.0,45.0,28.0,335.0,27.0,16.0,307.0,18.0,12.0,2015.0
59,250700,441.0,31.0,21.0,263.0,17.0,12.0,178.0,14.0,9.0,2015.0
60,250900,758.0,67.0,46.0,462.0,36.0,24.0,296.0,31.0,22.0,2015.0
61,260200,1225.0,108.0,73.0,657.0,56.0,35.0,568.0,52.0,38.0,2015.0
62,260700,992.0,95.0,61.0,535.0,59.0,34.0,457.0,36.0,27.0,2015.0
63,260900,1191.0,66.0,38.0,694.0,42.0,22.0,497.0,24.0,16.0,2015.0
64,261200,648.0,88.0,49.0,344.0,50.0,28.0,304.0,38.0,21.0,2015.0
65,261400,1361.0,154.0,91.0,777.0,106.0,56.0,584.0,48.0,35.0,2015.0
66,261500,833.0,88.0,60.0,483.0,53.0,34.0,350.0,35.0,26.0,2015.0
67,262000,1381.0,171.0,95.0,803.0,90.0,47.0,578.0,81.0,48.0,2015.0
68,270100,1406.0,151.0,90.0,805.0,89.0,46.0,601.0,62.0,44.0,2015.0
69,270300,1004.0,91.0,53.0,556.0,53.0,29.0,448.0,38.0,24.0,2015.0
70,270400,629.0,66.0,44.0,348.0,43.0,30.0,281.0,23.0,14.0,2015.0
71,270800,1653.0,227.0,111.0,925.0,127.0,57.0,728.0,100.0,54.0,2015.0
72,271500,1853.0,186.0,116.0,1026.0,99.0,63.0,827.0,87.0,53.0,2015.0
73,281400,1606.0,139.0,88.0,915.0,84.0,42.0,691.0,55.0,46.0,2015.0
74,281500,796.0,96.0,60.0,446.0,52.0,32.0,350.0,44.0,28.0,2015.0
75,290100,1311.0,120.0,77.0,708.0,61.0,39.0,603.0,59.0,38.0,2015.0
76,290200,2580.0,267.0,152.0,1421.0,158.0,80.0,1159.0,109.0,72.0,2015.0
77,290400,2404.0,226.0,143.0,1350.0,118.0,78.0,1054.0,108.0,65.0,2015.0
78,300100,2190.0,248.0,158.0,1268.0,158.0,98.0,922.0,90.0,60.0,2015.0
79,30500,1132.0,171.0,121.0,706.0,123.0,85.0,426.0,48.0,36.0,2015.0
80,310200,2019.0,259.0,148.0,1075.0,121.0,61.0,944.0,138.0,87.0,2015.0
81,310300,636.0,72.0,39.0,336.0,40.0,21.0,300.0,32.0,18.0,2015.0
82,320400,1145.0,136.0,80.0,614.0,78.0,38.0,531.0,58.0,42.0,2015.0
83,320600,1396.0,126.0,73.0,755.0,59.0,34.0,641.0,67.0,39.0,2015.0
84,320700,898.0,109.0,72.0,476.0,56.0,35.0,422.0,53.0,37.0,2015.0
85,401100,2937.0,399.0,204.0,1636.0,218.0,107.0,1301.0,181.0,97.0,2015.0
86,401200,1584.0,199.0,104.0,900.0,120.0,63.0,684.0,79.0,41.0,2015.0
87,401300,1760.0,228.0,127.0,958.0,129.0,69.0,802.0,99.0,58.0,2015.0
88,40200,639.0,64.0,40.0,368.0,43.0,25.0,271.0,21.0,15.0,2015.0
89,402000,1873.0,257.0,151.0,1030.0,150.0,91.0,843.0,107.0,60.0,2015.0
90,403500,2444.0,320.0,177.0,1356.0,185.0,108.0,1088.0,135.0,69.0,2015.0
91,404000,799.0,103.0,71.0,431.0,52.0,36.0,368.0,51.0,35.0,2015.0
92,40500,302.0,31.0,15.0,164.0,17.0,3.0,138.0,14.0,12.0,2015.0
93,405000,702.0,90.0,42.0,359.0,48.0,22.0,343.0,42.0,20.0,2015.0
94,40600,263.0,34.0,14.0,128.0,16.0,3.0,135.0,18.0,11.0,2015.0
95,406000,1451.0,214.0,140.0,727.0,102.0,65.0,724.0,112.0,75.0,2015.0
96,407001,3073.0,327.0,190.0,1637.0,175.0,104.0,1436.0,152.0,86.0,2015.0
97,407002,3785.0,377.0,226.0,2042.0,188.0,106.0,1743.0,189.0,120.0,2015.0
98,408001,3147.0,309.0,157.0,1682.0,183.0,85.0,1465.0,126.0,72.0,2015.0
99,408002,3811.0,264.0,177.0,1993.0,135.0,88.0,1818.0,129.0,89.0,2015.0
100,40900,837.0,101.0,68.0,450.0,55.0,42.0,387.0,46.0,26.0,2015.0
101,409000,6835.0,378.0,221.0,3495.0,193.0,93.0,3340.0,185.0,128.0,2015.0
102,410000,677.0,47.0,25.0,347.0,21.0,11.0,330.0,26.0,14.0,2015.0
103,411000,3152.0,185.0,104.0,1657.0,88.0,47.0,1495.0,97.0,57.0,2015.0
104,412001,4813.0,291.0,163.0,2496.0,129.0,68.0,2317.0,162.0,95.0,2015.0
105,412002,3133.0,216.0,115.0,1609.0,104.0,47.0,1524.0,112.0,68.0,2015.0
106,413100,3712.0,294.0,183.0,1969.0,159.0,83.0,1743.0,135.0,100.0,2015.0
107,413201,2061.0,192.0,108.0,1080.0,98.0,46.0,981.0,94.0,62.0,2015.0
108,413202,1564.0,138.0,79.0,858.0,84.0,48.0,706.0,54.0,31.0,2015.0
109,413300,2790.0,312.0,156.0,1487.0,161.0,66.0,1303.0,151.0,90.0,2015.0
110,413400,2733.0,258.0,145.0,1451.0,120.0,61.0,1282.0,138.0,84.0,2015.0
111,413500,3204.0,386.0,196.0,1740.0,215.0,103.0,1464.0,171.0,93.0,2015.0
112,414101,3298.0,256.0,153.0,1742.0,123.0,83.0,1556.0,133.0,70.0,2015.0
113,414102,4381.0,391.0,237.0,2340.0,198.0,115.0,2041.0,193.0,122.0,2015.0
114,414200,3452.0,278.0,157.0,1786.0,138.0,75.0,1666.0,140.0,82.0,2015.0
115,415001,2708.0,202.0,120.0,1371.0,93.0,59.0,1337.0,109.0,61.0,2015.0
116,415002,1640.0,136.0,84.0,836.0,68.0,39.0,804.0,68.0,45.0,2015.0
117,416000,919.0,131.0,76.0,502.0,70.0,41.0,417.0,61.0,35.0,2015.0
118,417100,1196.0,137.0,83.0,646.0,70.0,39.0,550.0,67.0,44.0,2015.0
119,417200,718.0,85.0,57.0,373.0,49.0,33.0,345.0,36.0,24.0,2015.0
120,418000,1063.0,126.0,76.0,595.0,71.0,44.0,468.0,55.0,32.0,2015.0
121,419000,1681.0,222.0,113.0,933.0,130.0,60.0,748.0,92.0,53.0,2015.0
122,420000,813.0,91.0,58.0,469.0,55.0,37.0,344.0,36.0,21.0,2015.0
123,421100,3032.0,256.0,133.0,1608.0,134.0,59.0,1424.0,122.0,74.0,2015.0
124,421200,3048.0,219.0,129.0,1596.0,94.0,51.0,1452.0,125.0,78.0,2015.0
125,422000,3694.0,193.0,119.0,1867.0,76.0,41.0,1827.0,117.0,78.0,2015.0
126,423000,1563.0,111.0,65.0,896.0,71.0,38.0,667.0,40.0,27.0,2015.0
127,424000,1959.0,219.0,135.0,1069.0,128.0,78.0,890.0,91.0,57.0,2015.0
128,425000,2028.0,185.0,118.0,1107.0,92.0,55.0,921.0,93.0,63.0,2015.0
129,426300,3861.0,396.0,234.0,2097.0,202.0,105.0,1764.0,194.0,129.0,2015.0
130,426400,2704.0,295.0,176.0,1486.0,177.0,105.0,1218.0,118.0,71.0,2015.0
131,426700,1355.0,162.0,96.0,750.0,76.0,40.0,605.0,86.0,56.0,2015.0
132,426800,3383.0,340.0,204.0,1777.0,168.0,101.0,1606.0,172.0,103.0,2015.0
133,427000,2033.0,213.0,123.0,1114.0,107.0,55.0,919.0,106.0,68.0,2015.0
134,427100,3615.0,348.0,204.0,1941.0,170.0,101.0,1674.0,178.0,103.0,2015.0
135,427200,3146.0,312.0,201.0,1738.0,176.0,119.0,1408.0,136.0,82.0,2015.0
136,428100,773.0,100.0,56.0,409.0,40.0,22.0,364.0,60.0,34.0,2015.0
137,428200,1390.0,157.0,91.0,733.0,72.0,44.0,657.0,85.0,47.0,2015.0
138,429100,1400.0,158.0,87.0,773.0,87.0,48.0,627.0,71.0,39.0,2015.0
139,429201,2409.0,269.0,128.0,1275.0,148.0,63.0,1134.0,121.0,65.0,2015.0
140,429202,2893.0,279.0,155.0,1587.0,138.0,64.0,1306.0,141.0,91.0,2015.0
141,429300,3339.0,448.0,247.0,1849.0,250.0,119.0,1490.0,198.0,128.0,2015.0
142,429400,2367.0,240.0,116.0,1281.0,124.0,56.0,1086.0,116.0,60.0,2015.0
143,429500,2383.0,300.0,169.0,1323.0,170.0,83.0,1060.0,130.0,86.0,2015.0
144,429600,1885.0,197.0,116.0,1060.0,116.0,64.0,825.0,81.0,52.0,2015.0
145,429700,1389.0,178.0,107.0,741.0,89.0,52.0,648.0,89.0,55.0,2015.0
146,430100,1147.0,98.0,68.0,636.0,52.0,34.0,511.0,46.0,34.0,2015.0
147,430200,2656.0,284.0,163.0,1480.0,159.0,93.0,1176.0,125.0,70.0,2015.0
148,431100,1758.0,170.0,115.0,980.0,85.0,58.0,778.0,85.0,57.0,2015.0
149,431400,1050.0,83.0,54.0,589.0,43.0,25.0,461.0,40.0,29.0,2015.0
150,431500,1495.0,141.0,81.0,813.0,77.0,48.0,682.0,64.0,33.0,2015.0
151,432300,1141.0,168.0,80.0,668.0,111.0,52.0,473.0,57.0,28.0,2015.0
152,432400,1419.0,153.0,98.0,833.0,89.0,51.0,586.0,64.0,47.0,2015.0
153,434000,1102.0,79.0,36.0,583.0,46.0,18.0,519.0,33.0,18.0,2015.0
154,435000,1549.0,149.0,104.0,831.0,73.0,48.0,718.0,76.0,56.0,2015.0
155,437000,3272.0,228.0,139.0,1707.0,109.0,57.0,1565.0,119.0,82.0,2015.0
156,439000,744.0,63.0,33.0,391.0,32.0,12.0,353.0,31.0,21.0,2015.0
157,445500,1995.0,162.0,87.0,1117.0,89.0,42.0,878.0,73.0,45.0,2015.0
158,446000,1003.0,76.0,36.0,547.0,36.0,15.0,456.0,40.0,21.0,2015.0
159,447000,657.0,46.0,27.0,354.0,25.0,13.0,303.0,21.0,14.0,2015.0
160,448000,627.0,70.0,38.0,360.0,42.0,20.0,267.0,28.0,18.0,2015.0
161,449000,1353.0,172.0,110.0,711.0,88.0,54.0,642.0,84.0,56.0,2015.0
162,450700,1566.0,196.0,123.0,861.0,108.0,67.0,705.0,88.0,56.0,2015.0
163,450800,1408.0,190.0,119.0,784.0,108.0,65.0,624.0,82.0,54.0,2015.0
164,451101,1956.0,173.0,100.0,1060.0,98.0,47.0,896.0,75.0,53.0,2015.0
165,451102,2028.0,211.0,118.0,1053.0,98.0,55.0,975.0,113.0,63.0,2015.0
166,451104,1919.0,121.0,75.0,1012.0,59.0,34.0,907.0,62.0,41.0,2015.0
167,451105,1826.0,190.0,122.0,970.0,99.0,62.0,856.0,91.0,60.0,2015.0
168,451300,4079.0,392.0,244.0,2155.0,194.0,109.0,1924.0,198.0,135.0,2015.0
169,452000,2317.0,203.0,112.0,1257.0,107.0,53.0,1060.0,96.0,59.0,2015.0
170,453003,1008.0,107.0,77.0,517.0,60.0,37.0,491.0,47.0,40.0,2015.0
171,453004,3169.0,277.0,173.0,1719.0,128.0,79.0,1450.0,149.0,94.0,2015.0
172,455000,888.0,118.0,65.0,466.0,57.0,29.0,422.0,61.0,36.0,2015.0
173,456001,1175.0,78.0,55.0,640.0,36.0,26.0,535.0,42.0,29.0,2015.0
174,456003,2407.0,204.0,120.0,1282.0,102.0,57.0,1125.0,102.0,63.0,2015.0
175,456004,2593.0,317.0,142.0,1464.0,189.0,73.0,1129.0,128.0,69.0,2015.0
176,457100,733.0,99.0,60.0,416.0,60.0,32.0,317.0,39.0,28.0,2015.0
177,457200,2006.0,280.0,157.0,1120.0,163.0,84.0,886.0,117.0,73.0,2015.0
178,458000,4590.0,508.0,293.0,2482.0,270.0,132.0,2108.0,238.0,161.0,2015.0
179,459101,1063.0,107.0,63.0,560.0,57.0,32.0,503.0,50.0,31.0,2015.0
180,459102,3291.0,297.0,167.0,1754.0,156.0,81.0,1537.0,141.0,86.0,2015.0
181,459201,3176.0,334.0,186.0,1678.0,175.0,103.0,1498.0,159.0,83.0,2015.0
182,459202,363.0,29.0,21.0,223.0,17.0,14.0,140.0,12.0,7.0,2015.0
183,460001,2715.0,332.0,184.0,1493.0,173.0,81.0,1222.0,159.0,103.0,2015.0
184,460002,2087.0,265.0,144.0,1121.0,142.0,69.0,966.0,123.0,75.0,2015.0
185,461000,504.0,74.0,38.0,272.0,38.0,18.0,232.0,36.0,20.0,2015.0
186,462100,1576.0,167.0,105.0,870.0,93.0,60.0,706.0,74.0,45.0,2015.0
187,462600,2081.0,201.0,133.0,1163.0,119.0,75.0,918.0,82.0,58.0,2015.0
188,463900,1492.0,171.0,120.0,836.0,93.0,62.0,656.0,78.0,58.0,2015.0
189,464300,1778.0,177.0,113.0,973.0,97.0,63.0,805.0,80.0,50.0,2015.0
190,464400,2063.0,170.0,113.0,1203.0,103.0,72.0,860.0,67.0,41.0,2015.0
191,465600,1354.0,164.0,83.0,746.0,104.0,50.0,608.0,60.0,33.0,2015.0
192,465800,1929.0,189.0,97.0,1053.0,103.0,53.0,876.0,86.0,44.0,2015.0
193,468700,884.0,98.0,55.0,481.0,49.0,25.0,403.0,49.0,30.0,2015.0
194,468800,1104.0,99.0,60.0,615.0,52.0,24.0,489.0,47.0,36.0,2015.0
195,468900,1964.0,213.0,130.0,1128.0,131.0,69.0,836.0,82.0,61.0,2015.0
196,469000,2782.0,305.0,153.0,1513.0,158.0,69.0,1269.0,147.0,84.0,2015.0
197,470300,2264.0,359.0,151.0,1293.0,203.0,76.0,971.0,156.0,75.0,2015.0
198,470400,1758.0,206.0,97.0,978.0,102.0,46.0,780.0,104.0,51.0,2015.0
199,470501,1434.0,118.0,72.0,795.0,61.0,36.0,639.0,57.0,36.0,2015.0
200,470502,1767.0,215.0,103.0,977.0,118.0,44.0,790.0,97.0,59.0,2015.0
201,470600,1520.0,187.0,117.0,834.0,92.0,54.0,686.0,95.0,63.0,2015.0
202,471000,574.0,59.0,31.0,311.0,32.0,18.0,263.0,27.0,13.0,2015.0
203,472100,1246.0,103.0,58.0,698.0,54.0,25.0,548.0,49.0,33.0,2015.0
204,472200,1128.0,87.0,59.0,585.0,43.0,28.0,543.0,44.0,31.0,2015.0
205,472300,965.0,86.0,46.0,536.0,41.0,18.0,429.0,45.0,28.0,2015.0
206,472400,1116.0,101.0,60.0,606.0,42.0,21.0,510.0,59.0,39.0,2015.0
207,473100,2791.0,216.0,101.0,1500.0,116.0,49.0,1291.0,100.0,52.0,2015.0
208,473200,1831.0,153.0,78.0,1042.0,84.0,35.0,789.0,69.0,43.0,2015.0
209,473300,3433.0,341.0,145.0,1907.0,206.0,75.0,1526.0,135.0,70.0,2015.0
210,473401,2135.0,134.0,71.0,1113.0,64.0,31.0,1022.0,70.0,40.0,2015.0
211,473402,1913.0,168.0,80.0,1025.0,92.0,39.0,888.0,76.0,41.0,2015.0
212,473500,2173.0,119.0,62.0,1136.0,56.0,25.0,1037.0,63.0,37.0,2015.0
213,473601,2266.0,228.0,80.0,1219.0,135.0,35.0,1047.0,93.0,45.0,2015.0
214,473602,2689.0,297.0,127.0,1486.0,171.0,64.0,1203.0,126.0,63.0,2015.0
215,474101,2435.0,179.0,95.0,1263.0,86.0,42.0,1172.0,93.0,53.0,2015.0
216,474102,2228.0,180.0,78.0,1154.0,97.0,36.0,1074.0,83.0,42.0,2015.0
217,474201,1556.0,105.0,64.0,813.0,45.0,21.0,743.0,60.0,43.0,2015.0
218,474202,2943.0,317.0,115.0,1528.0,169.0,47.0,1415.0,148.0,68.0,2015.0
219,474203,2868.0,209.0,129.0,1470.0,83.0,45.0,1398.0,126.0,84.0,2015.0
220,475101,2766.0,381.0,168.0,1573.0,232.0,93.0,1193.0,149.0,75.0,2015.0
221,475102,1039.0,106.0,45.0,528.0,53.0,19.0,511.0,53.0,26.0,2015.0
222,475200,2976.0,333.0,189.0,1573.0,181.0,92.0,1403.0,152.0,97.0,2015.0
223,475301,2674.0,340.0,174.0,1437.0,166.0,73.0,1237.0,174.0,101.0,2015.0
224,475303,2519.0,272.0,141.0,1333.0,135.0,67.0,1186.0,137.0,74.0,2015.0
225,475304,3119.0,288.0,151.0,1673.0,156.0,74.0,1446.0,132.0,77.0,2015.0
226,475401,2411.0,296.0,147.0,1303.0,170.0,77.0,1108.0,126.0,70.0,2015.0
227,475402,1888.0,167.0,82.0,1013.0,79.0,36.0,875.0,88.0,46.0,2015.0
228,476100,2622.0,284.0,157.0,1471.0,163.0,88.0,1151.0,121.0,69.0,2015.0
229,476200,1861.0,208.0,118.0,1000.0,120.0,65.0,861.0,88.0,53.0,2015.0
230,477100,2167.0,253.0,125.0,1189.0,134.0,61.0,978.0,119.0,64.0,2015.0
231,477200,2707.0,376.0,174.0,1516.0,215.0,89.0,1191.0,161.0,85.0,2015.0
232,477300,3665.0,336.0,184.0,1912.0,170.0,86.0,1753.0,166.0,98.0,2015.0
233,478100,2328.0,247.0,131.0,1266.0,138.0,65.0,1062.0,109.0,66.0,2015.0
234,478200,3310.0,263.0,147.0,1801.0,143.0,73.0,1509.0,120.0,74.0,2015.0
235,479000,1179.0,137.0,74.0,655.0,71.0,37.0,524.0,66.0,37.0,2015.0
236,480101,2949.0,347.0,187.0,1585.0,200.0,111.0,1364.0,147.0,76.0,2015.0
237,480102,1836.0,215.0,102.0,999.0,121.0,48.0,837.0,94.0,54.0,2015.0
238,480200,2053.0,230.0,121.0,1083.0,110.0,51.0,970.0,120.0,70.0,2015.0
239,480300,2204.0,227.0,124.0,1201.0,119.0,62.0,1003.0,108.0,62.0,2015.0
240,480400,2957.0,381.0,183.0,1607.0,197.0,83.0,1350.0,184.0,100.0,2015.0
241,481000,2078.0,188.0,116.0,1140.0,116.0,71.0,938.0,72.0,45.0,2015.0
242,482500,1156.0,177.0,89.0,621.0,101.0,44.0,535.0,76.0,45.0,2015.0
243,483800,1734.0,258.0,155.0,1015.0,157.0,102.0,719.0,101.0,53.0,2015.0
244,484300,1893.0,183.0,91.0,1026.0,96.0,44.0,867.0,87.0,47.0,2015.0
245,484500,3482.0,427.0,250.0,1910.0,239.0,132.0,1572.0,188.0,118.0,2015.0
246,484600,1181.0,148.0,80.0,675.0,89.0,48.0,506.0,59.0,32.0,2015.0
247,485000,658.0,68.0,39.0,377.0,41.0,20.0,281.0,27.0,19.0,2015.0
248,486700,1331.0,126.0,78.0,806.0,84.0,50.0,525.0,42.0,28.0,2015.0
249,486800,981.0,116.0,79.0,547.0,56.0,32.0,434.0,60.0,47.0,2015.0
250,486900,834.0,82.0,53.0,479.0,51.0,34.0,355.0,31.0,19.0,2015.0
251,487000,976.0,159.0,87.0,545.0,89.0,42.0,431.0,70.0,45.0,2015.0
252,488100,1817.0,204.0,124.0,949.0,115.0,66.0,868.0,89.0,58.0,2015.0
253,488200,2282.0,247.0,122.0,1311.0,139.0,60.0,971.0,108.0,62.0,2015.0
254,488300,1468.0,185.0,94.0,814.0,101.0,52.0,654.0,84.0,42.0,2015.0
255,488400,2939.0,348.0,177.0,1696.0,206.0,96.0,1243.0,142.0,81.0,2015.0
256,488500,1629.0,184.0,97.0,877.0,85.0,39.0,752.0,99.0,58.0,2015.0
257,488600,2964.0,318.0,182.0,1681.0,159.0,90.0,1283.0,159.0,92.0,2015.0
258,489001,2698.0,377.0,183.0,1493.0,216.0,99.0,1205.0,161.0,84.0,2015.0
259,489002,2300.0,222.0,103.0,1204.0,118.0,46.0,1096.0,104.0,57.0,2015.0
260,490002,2761.0,329.0,174.0,1498.0,169.0,94.0,1263.0,160.0,80.0,2015.0
261,490003,2165.0,221.0,113.0,1121.0,112.0,56.0,1044.0,109.0,57.0,2015.0
262,490004,3089.0,283.0,152.0,1634.0,135.0,67.0,1455.0,148.0,85.0,2015.0
263,491101,4142.0,334.0,171.0,2207.0,160.0,70.0,1935.0,174.0,101.0,2015.0
264,491200,1178.0,145.0,79.0,639.0,84.0,43.0,539.0,61.0,36.0,2015.0
265,492700,1092.0,126.0,80.0,640.0,71.0,43.0,452.0,55.0,37.0,2015.0
266,492800,1526.0,184.0,126.0,917.0,119.0,79.0,609.0,65.0,47.0,2015.0
267,492900,1139.0,142.0,88.0,663.0,84.0,52.0,476.0,58.0,36.0,2015.0
268,494000,822.0,95.0,60.0,462.0,54.0,34.0,360.0,41.0,26.0,2015.0
269,495000,988.0,111.0,68.0,537.0,55.0,34.0,451.0,56.0,34.0,2015.0
270,496101,1870.0,193.0,97.0,1014.0,117.0,53.0,856.0,76.0,44.0,2015.0
271,496102,2624.0,350.0,193.0,1403.0,184.0,90.0,1221.0,166.0,103.0,2015.0
272,496200,3294.0,403.0,206.0,1785.0,209.0,96.0,1509.0,194.0,110.0,2015.0
273,497000,531.0,63.0,34.0,290.0,29.0,16.0,241.0,34.0,18.0,2015.0
274,498000,1492.0,200.0,115.0,814.0,100.0,52.0,678.0,100.0,63.0,2015.0
275,499300,906.0,121.0,61.0,513.0,75.0,32.0,393.0,46.0,29.0,2015.0
276,499400,1587.0,221.0,119.0,893.0,125.0,68.0,694.0,96.0,51.0,2015.0
277,500300,2026.0,224.0,132.0,1144.0,116.0,65.0,882.0,108.0,67.0,2015.0
278,50100,982.0,118.0,76.0,584.0,74.0,46.0,398.0,44.0,30.0,2015.0
279,501000,794.0,132.0,80.0,434.0,75.0,43.0,360.0,57.0,37.0,2015.0
280,503002,3541.0,522.0,282.0,1991.0,321.0,160.0,1550.0,201.0,122.0,2015.0
281,504100,2669.0,364.0,249.0,1516.0,217.0,140.0,1153.0,147.0,109.0,2015.0
282,50600,1021.0,142.0,76.0,590.0,95.0,52.0,431.0,47.0,24.0,2015.0
283,507000,1173.0,137.0,88.0,654.0,75.0,46.0,519.0,62.0,42.0,2015.0
284,508000,1115.0,118.0,73.0,660.0,76.0,45.0,455.0,42.0,28.0,2015.0
285,50900,832.0,76.0,58.0,525.0,50.0,40.0,307.0,26.0,18.0,2015.0
286,509400,2921.0,344.0,187.0,1714.0,204.0,103.0,1207.0,140.0,84.0,2015.0
287,51000,702.0,86.0,62.0,426.0,61.0,46.0,276.0,25.0,16.0,2015.0
288,510000,1171.0,112.0,69.0,654.0,63.0,34.0,517.0,49.0,35.0,2015.0
289,51100,74.0,7.0,6.0,47.0,5.0,4.0,27.0,2.0,2.0,2015.0
290,512000,1180.0,170.0,98.0,654.0,87.0,43.0,526.0,83.0,55.0,2015.0
291,512800,746.0,85.0,49.0,419.0,48.0,27.0,327.0,37.0,22.0,2015.0
292,512900,679.0,81.0,53.0,391.0,53.0,33.0,288.0,28.0,20.0,2015.0
293,513800,1335.0,156.0,90.0,786.0,106.0,56.0,549.0,50.0,34.0,2015.0
294,514000,1171.0,110.0,67.0,694.0,68.0,42.0,477.0,42.0,25.0,2015.0
295,515100,1439.0,149.0,92.0,842.0,87.0,51.0,597.0,62.0,41.0,2015.0
296,515200,1129.0,118.0,77.0,673.0,71.0,47.0,456.0,47.0,30.0,2015.0
297,515300,1040.0,117.0,72.0,644.0,82.0,49.0,396.0,35.0,23.0,2015.0
298,515401,1260.0,102.0,56.0,761.0,66.0,30.0,499.0,36.0,26.0,2015.0
299,516100,812.0,60.0,35.0,443.0,28.0,15.0,369.0,32.0,20.0,2015.0
300,516200,988.0,68.0,42.0,541.0,40.0,24.0,447.0,28.0,18.0,2015.0
301,517000,979.0,140.0,71.0,556.0,75.0,35.0,423.0,65.0,36.0,2015.0
302,518001,2244.0,262.0,127.0,1293.0,162.0,70.0,951.0,100.0,57.0,2015.0
303,519000,1875.0,221.0,114.0,1008.0,106.0,48.0,867.0,115.0,66.0,2015.0
304,520001,1821.0,270.0,144.0,1011.0,138.0,64.0,810.0,132.0,80.0,2015.0
305,520002,1819.0,248.0,132.0,1033.0,155.0,83.0,786.0,93.0,49.0,2015.0
306,521100,2715.0,321.0,193.0,1475.0,159.0,91.0,1240.0,162.0,102.0,2015.0
307,521200,2269.0,268.0,151.0,1239.0,140.0,66.0,1030.0,128.0,85.0,2015.0
308,521301,2187.0,307.0,175.0,1252.0,178.0,100.0,935.0,129.0,75.0,2015.0
309,521302,2287.0,250.0,148.0,1267.0,151.0,80.0,1020.0,99.0,68.0,2015.0
310,521401,1540.0,239.0,136.0,862.0,132.0,65.0,678.0,107.0,71.0,2015.0
311,521402,2428.0,249.0,138.0,1272.0,118.0,69.0,1156.0,131.0,69.0,2015.0
312,521500,2483.0,325.0,172.0,1334.0,162.0,74.0,1149.0,163.0,98.0,2015.0
313,522000,1869.0,202.0,130.0,1022.0,109.0,68.0,847.0,93.0,62.0,2015.0
314,523100,2231.0,328.0,176.0,1329.0,198.0,102.0,902.0,130.0,74.0,2015.0
315,523200,2298.0,282.0,165.0,1324.0,163.0,97.0,974.0,119.0,68.0,2015.0
316,523300,2252.0,279.0,141.0,1249.0,153.0,70.0,1003.0,126.0,71.0,2015.0
317,523400,2783.0,383.0,198.0,1623.0,215.0,109.0,1160.0,168.0,89.0,2015.0
318,523501,2517.0,334.0,188.0,1400.0,167.0,87.0,1117.0,167.0,101.0,2015.0
319,523502,807.0,119.0,60.0,468.0,68.0,34.0,339.0,51.0,26.0,2015.0
320,523600,2732.0,416.0,235.0,1525.0,236.0,124.0,1207.0,180.0,111.0,2015.0
321,523701,2495.0,319.0,183.0,1382.0,169.0,87.0,1113.0,150.0,96.0,2015.0
322,523702,3025.0,405.0,242.0,1716.0,214.0,120.0,1309.0,191.0,122.0,2015.0
323,523800,2820.0,391.0,195.0,1557.0,215.0,99.0,1263.0,176.0,96.0,2015.0
324,524000,1525.0,154.0,88.0,822.0,78.0,40.0,703.0,76.0,48.0,2015.0
325,525100,1209.0,99.0,45.0,680.0,49.0,20.0,529.0,50.0,25.0,2015.0
326,525200,1224.0,171.0,86.0,735.0,112.0,50.0,489.0,59.0,36.0,2015.0
327,525300,1333.0,174.0,80.0,745.0,104.0,37.0,588.0,70.0,43.0,2015.0
328,526101,2307.0,260.0,141.0,1242.0,151.0,74.0,1065.0,109.0,67.0,2015.0
329,526102,1183.0,125.0,57.0,607.0,65.0,31.0,576.0,60.0,26.0,2015.0
330,526201,2263.0,276.0,141.0,1178.0,152.0,81.0,1085.0,124.0,60.0,2015.0
331,526202,2771.0,279.0,162.0,1498.0,133.0,65.0,1273.0,146.0,97.0,2015.0
332,526301,2421.0,292.0,170.0,1278.0,153.0,85.0,1143.0,139.0,85.0,2015.0
333,526302,2658.0,263.0,153.0,1418.0,133.0,64.0,1240.0,130.0,89.0,2015.0
334,550900,863.0,108.0,70.0,475.0,55.0,33.0,388.0,53.0,37.0,2015.0
335,551200,1777.0,240.0,156.0,1041.0,143.0,89.0,736.0,97.0,67.0,2015.0
336,551300,1431.0,201.0,113.0,798.0,111.0,47.0,633.0,90.0,66.0,2015.0
337,551900,778.0,104.0,70.0,452.0,69.0,48.0,326.0,35.0,22.0,2015.0
338,552000,1626.0,188.0,127.0,938.0,105.0,70.0,688.0,83.0,57.0,2015.0
339,552100,915.0,119.0,65.0,541.0,75.0,38.0,374.0,44.0,27.0,2015.0
340,552200,643.0,61.0,36.0,350.0,32.0,18.0,293.0,29.0,18.0,2015.0
341,552300,1301.0,152.0,100.0,732.0,87.0,51.0,569.0,65.0,49.0,2015.0
342,552400,1782.0,240.0,158.0,983.0,133.0,86.0,799.0,107.0,72.0,2015.0
343,560400,569.0,65.0,32.0,334.0,46.0,23.0,235.0,19.0,9.0,2015.0
344,560500,1127.0,73.0,41.0,635.0,41.0,21.0,492.0,32.0,20.0,2015.0
345,560600,476.0,59.0,39.0,276.0,40.0,28.0,200.0,19.0,11.0,2015.0
346,561000,635.0,66.0,44.0,370.0,35.0,23.0,265.0,31.0,21.0,2015.0
347,561100,450.0,52.0,31.0,263.0,29.0,17.0,187.0,23.0,14.0,2015.0
348,561200,591.0,73.0,46.0,339.0,44.0,26.0,252.0,29.0,20.0,2015.0
349,561400,2227.0,318.0,186.0,1347.0,195.0,116.0,880.0,123.0,70.0,2015.0
350,561500,1400.0,198.0,111.0,822.0,117.0,59.0,578.0,81.0,52.0,2015.0
351,561600,1197.0,106.0,74.0,669.0,66.0,42.0,528.0,40.0,32.0,2015.0
352,561700,424.0,38.0,31.0,236.0,23.0,20.0,188.0,15.0,11.0,2015.0
353,561900,1159.0,180.0,110.0,708.0,119.0,74.0,451.0,61.0,36.0,2015.0
354,562000,1020.0,115.0,69.0,543.0,64.0,32.0,477.0,51.0,37.0,2015.0
355,562300,1719.0,241.0,160.0,1000.0,160.0,108.0,719.0,81.0,52.0,2015.0
356,562400,1520.0,183.0,100.0,848.0,105.0,62.0,672.0,78.0,38.0,2015.0
357,562500,1660.0,147.0,104.0,939.0,85.0,58.0,721.0,62.0,46.0,2015.0
358,562600,1464.0,154.0,98.0,796.0,82.0,49.0,668.0,72.0,49.0,2015.0
359,562700,729.0,72.0,37.0,397.0,46.0,24.0,332.0,26.0,13.0,2015.0
360,562800,781.0,111.0,66.0,415.0,50.0,32.0,366.0,61.0,34.0,2015.0
361,562900,1115.0,124.0,84.0,633.0,72.0,48.0,482.0,52.0,36.0,2015.0
362,563000,1469.0,171.0,104.0,849.0,94.0,57.0,620.0,77.0,47.0,2015.0
363,563100,2032.0,214.0,128.0,1066.0,121.0,68.0,966.0,93.0,60.0,2015.0
364,563200,1006.0,130.0,84.0,541.0,67.0,43.0,465.0,63.0,41.0,2015.0
365,563300,850.0,49.0,20.0,438.0,22.0,5.0,412.0,27.0,15.0,2015.0
366,563800,2013.0,300.0,109.0,1089.0,180.0,60.0,924.0,120.0,49.0,2015.0
367,563900,2179.0,265.0,163.0,1233.0,149.0,95.0,946.0,116.0,68.0,2015.0
368,564000,1757.0,155.0,88.0,945.0,84.0,49.0,812.0,71.0,39.0,2015.0
369,564100,595.0,42.0,21.0,311.0,19.0,8.0,284.0,23.0,13.0,2015.0
370,564200,1080.0,156.0,89.0,591.0,86.0,48.0,489.0,70.0,41.0,2015.0
371,564400,3299.0,435.0,258.0,1826.0,232.0,121.0,1473.0,203.0,137.0,2015.0
372,564500,743.0,64.0,34.0,401.0,41.0,18.0,342.0,23.0,16.0,2015.0
373,60300,1426.0,168.0,74.0,727.0,85.0,42.0,699.0,83.0,32.0,2015.0
374,60500,676.0,71.0,34.0,370.0,27.0,14.0,306.0,44.0,20.0,2015.0
375,70300,945.0,47.0,17.0,491.0,27.0,10.0,454.0,20.0,7.0,2015.0
376,70500,1117.0,37.0,17.0,580.0,22.0,7.0,537.0,15.0,10.0,2015.0
377,70600,1031.0,57.0,28.0,592.0,35.0,16.0,439.0,22.0,12.0,2015.0
378,70800,895.0,34.0,16.0,497.0,15.0,5.0,398.0,19.0,11.0,2015.0
379,70900,1910.0,112.0,49.0,1021.0,50.0,20.0,889.0,62.0,29.0,2015.0
380,80200,838.0,108.0,58.0,469.0,75.0,39.0,369.0,33.0,19.0,2015.0
381,80400,605.0,55.0,24.0,310.0,29.0,11.0,295.0,26.0,13.0,2015.0
382,80600,1043.0,65.0,32.0,543.0,36.0,16.0,500.0,29.0,16.0,2015.0
383,80700,698.0,35.0,20.0,379.0,17.0,9.0,319.0,18.0,11.0,2015.0
384,80900,914.0,84.0,54.0,484.0,54.0,33.0,430.0,30.0,21.0,2015.0
385,90100,924.0,75.0,40.0,494.0,42.0,20.0,430.0,33.0,20.0,2015.0
386,90200,1404.0,165.0,93.0,808.0,90.0,50.0,596.0,75.0,43.0,2015.0
387,90300,811.0,92.0,59.0,441.0,47.0,26.0,370.0,45.0,33.0,2015.0
389,980100,5.0,0.0,0.0,4.0,0.0,0.0,0.0,0.0,0.0,2015.0
390,980700,22.0,5.0,5.0,10.0,0.0,0.0,12.0,4.0,4.0,2015.0
1,100500,1237.0,179.0,130.0,712.0,97.0,72.0,525.0,82.0,58.0,2016.0
2,101100,1080.0,97.0,65.0,583.0,48.0,33.0,497.0,49.0,32.0,2016.0
3,101400,1865.0,157.0,118.0,1033.0,76.0,57.0,832.0,81.0,61.0,2016.0
4,101600,698.0,66.0,44.0,397.0,48.0,35.0,301.0,18.0,9.0,2016.0
5,101700,928.0,87.0,65.0,555.0,54.0,44.0,373.0,33.0,21.0,2016.0
6,101800,1477.0,145.0,111.0,827.0,81.0,64.0,650.0,64.0,47.0,2016.0
7,10300,674.0,50.0,36.0,299.0,25.0,20.0,375.0,25.0,16.0,2016.0
8,110200,1930.0,121.0,85.0,1054.0,53.0,37.0,876.0,68.0,48.0,2016.0
9,110600,1477.0,79.0,61.0,813.0,43.0,35.0,664.0,36.0,26.0,2016.0
10,111300,1221.0,115.0,72.0,704.0,67.0,41.0,517.0,48.0,31.0,2016.0
11,111400,689.0,71.0,61.0,390.0,48.0,41.0,299.0,23.0,20.0,2016.0
12,111500,1548.0,203.0,145.0,909.0,133.0,95.0,639.0,70.0,50.0,2016.0
13,120300,939.0,97.0,71.0,573.0,64.0,47.0,366.0,33.0,24.0,2016.0
14,120400,453.0,56.0,38.0,273.0,35.0,25.0,180.0,21.0,13.0,2016.0
15,120700,427.0,58.0,40.0,272.0,41.0,25.0,155.0,17.0,15.0,2016.0
16,120800,529.0,53.0,38.0,315.0,35.0,27.0,214.0,18.0,11.0,2016.0
17,130100,1097.0,106.0,71.0,677.0,72.0,44.0,420.0,34.0,27.0,2016.0
18,130200,676.0,91.0,71.0,415.0,59.0,47.0,261.0,32.0,24.0,2016.0
19,130300,777.0,112.0,77.0,486.0,73.0,48.0,291.0,39.0,29.0,2016.0
20,130400,676.0,80.0,49.0,403.0,49.0,32.0,273.0,31.0,17.0,2016.0
21,130600,1976.0,196.0,130.0,1175.0,127.0,82.0,801.0,69.0,48.0,2016.0
22,140100,1303.0,45.0,32.0,662.0,16.0,14.0,641.0,29.0,18.0,2016.0
23,140200,859.0,27.0,20.0,419.0,14.0,11.0,440.0,13.0,9.0,2016.0
24,140300,1820.0,76.0,55.0,948.0,34.0,26.0,872.0,42.0,29.0,2016.0
25,140400,1385.0,47.0,33.0,719.0,19.0,14.0,666.0,28.0,19.0,2016.0
26,140500,915.0,87.0,55.0,520.0,49.0,32.0,395.0,38.0,23.0,2016.0
27,140600,1811.0,80.0,60.0,968.0,33.0,24.0,843.0,47.0,36.0,2016.0
28,140800,2534.0,120.0,89.0,1310.0,51.0,38.0,1224.0,69.0,51.0,2016.0
29,141000,544.0,24.0,15.0,304.0,15.0,8.0,240.0,9.0,7.0,2016.0
30,141100,826.0,66.0,47.0,443.0,31.0,24.0,383.0,35.0,23.0,2016.0
31,141300,2047.0,121.0,79.0,1079.0,54.0,36.0,968.0,67.0,43.0,2016.0
32,141400,2938.0,187.0,135.0,1515.0,81.0,53.0,1423.0,106.0,82.0,2016.0
33,151600,1307.0,100.0,72.0,706.0,46.0,33.0,601.0,54.0,39.0,2016.0
34,151700,2545.0,209.0,160.0,1339.0,114.0,91.0,1206.0,95.0,69.0,2016.0
35,160800,1165.0,80.0,62.0,606.0,46.0,32.0,559.0,34.0,30.0,2016.0
36,160900,999.0,95.0,68.0,537.0,52.0,35.0,462.0,43.0,33.0,2016.0
37,170200,1322.0,99.0,77.0,647.0,51.0,37.0,675.0,48.0,40.0,2016.0
38,170600,675.0,68.0,52.0,339.0,41.0,32.0,336.0,27.0,20.0,2016.0
39,180300,1254.0,101.0,83.0,735.0,65.0,53.0,519.0,36.0,30.0,2016.0
40,180700,973.0,97.0,65.0,539.0,55.0,42.0,434.0,42.0,23.0,2016.0
41,190300,863.0,76.0,61.0,491.0,37.0,28.0,372.0,39.0,33.0,2016.0
42,191100,1117.0,91.0,64.0,589.0,38.0,27.0,528.0,53.0,37.0,2016.0
43,191400,1124.0,101.0,76.0,628.0,56.0,42.0,496.0,45.0,34.0,2016.0
44,191500,924.0,88.0,75.0,487.0,46.0,43.0,437.0,42.0,32.0,2016.0
45,191600,2056.0,194.0,157.0,1086.0,100.0,85.0,970.0,94.0,72.0,2016.0
46,191700,1821.0,150.0,105.0,983.0,86.0,61.0,838.0,64.0,44.0,2016.0
47,191800,2964.0,264.0,185.0,1667.0,139.0,96.0,1297.0,125.0,89.0,2016.0
48,191900,1180.0,69.0,45.0,646.0,38.0,21.0,534.0,31.0,24.0,2016.0
49,192000,1797.0,159.0,114.0,961.0,86.0,60.0,836.0,73.0,54.0,2016.0
50,20100,3742.0,123.0,86.0,1764.0,47.0,28.0,1978.0,76.0,58.0,2016.0
51,202200,1506.0,142.0,111.0,855.0,76.0,59.0,651.0,66.0,52.0,2016.0
52,202300,1934.0,184.0,143.0,1063.0,87.0,67.0,871.0,97.0,76.0,2016.0
53,20300,401.0,19.0,12.0,194.0,6.0,5.0,207.0,13.0,7.0,2016.0
54,210700,1234.0,152.0,109.0,703.0,94.0,74.0,531.0,58.0,35.0,2016.0
55,220600,852.0,88.0,72.0,433.0,50.0,44.0,419.0,38.0,28.0,2016.0
56,240600,1318.0,135.0,74.0,678.0,62.0,30.0,640.0,73.0,44.0,2016.0
57,241200,530.0,59.0,41.0,276.0,32.0,23.0,254.0,27.0,18.0,2016.0
58,250300,646.0,49.0,48.0,350.0,30.0,29.0,296.0,19.0,19.0,2016.0
59,250700,459.0,40.0,32.0,271.0,21.0,15.0,188.0,19.0,17.0,2016.0
60,250900,707.0,70.0,53.0,413.0,32.0,26.0,294.0,38.0,27.0,2016.0
61,260200,1235.0,98.0,77.0,663.0,48.0,36.0,572.0,50.0,41.0,2016.0
62,260700,1030.0,79.0,67.0,557.0,46.0,39.0,473.0,33.0,28.0,2016.0
63,260900,1217.0,71.0,53.0,722.0,44.0,32.0,495.0,27.0,21.0,2016.0
64,261200,608.0,58.0,46.0,315.0,31.0,24.0,293.0,27.0,22.0,2016.0
65,261400,1337.0,152.0,118.0,765.0,92.0,74.0,572.0,60.0,44.0,2016.0
66,261500,933.0,104.0,83.0,516.0,52.0,44.0,417.0,52.0,39.0,2016.0
67,262000,1442.0,174.0,100.0,822.0,97.0,52.0,620.0,77.0,48.0,2016.0
68,270100,1373.0,122.0,92.0,802.0,66.0,51.0,571.0,56.0,41.0,2016.0
69,270300,1028.0,115.0,82.0,590.0,67.0,46.0,438.0,48.0,36.0,2016.0
70,270400,586.0,61.0,50.0,330.0,40.0,32.0,256.0,21.0,18.0,2016.0
71,270800,1524.0,177.0,116.0,860.0,97.0,65.0,664.0,80.0,51.0,2016.0
72,271500,1863.0,170.0,125.0,1021.0,87.0,68.0,842.0,83.0,57.0,2016.0
73,281400,1567.0,123.0,99.0,911.0,68.0,51.0,656.0,55.0,48.0,2016.0
74,281500,789.0,74.0,56.0,434.0,37.0,28.0,355.0,37.0,28.0,2016.0
75,290100,1266.0,98.0,84.0,686.0,52.0,46.0,580.0,46.0,38.0,2016.0
76,290200,2442.0,221.0,156.0,1358.0,120.0,88.0,1084.0,101.0,68.0,2016.0
77,290400,2275.0,198.0,148.0,1255.0,102.0,79.0,1020.0,96.0,69.0,2016.0
78,300100,2126.0,218.0,164.0,1212.0,141.0,103.0,914.0,77.0,61.0,2016.0
79,30500,1251.0,197.0,163.0,798.0,146.0,115.0,453.0,51.0,48.0,2016.0
80,310200,1958.0,238.0,177.0,1028.0,107.0,79.0,930.0,131.0,98.0,2016.0
81,310300,615.0,59.0,46.0,327.0,30.0,26.0,288.0,29.0,20.0,2016.0
82,320400,1080.0,109.0,82.0,598.0,55.0,40.0,482.0,54.0,42.0,2016.0
83,320600,1301.0,90.0,66.0,699.0,44.0,33.0,602.0,46.0,33.0,2016.0
84,320700,939.0,79.0,58.0,494.0,43.0,31.0,445.0,36.0,27.0,2016.0
85,401100,2832.0,324.0,214.0,1592.0,172.0,112.0,1240.0,152.0,102.0,2016.0
86,401200,1738.0,211.0,146.0,975.0,130.0,92.0,763.0,81.0,54.0,2016.0
87,401300,1567.0,175.0,118.0,846.0,100.0,66.0,721.0,75.0,52.0,2016.0
88,40200,487.0,54.0,36.0,286.0,38.0,26.0,201.0,16.0,10.0,2016.0
89,402000,1862.0,237.0,165.0,996.0,134.0,97.0,866.0,103.0,68.0,2016.0
90,403500,2402.0,271.0,185.0,1312.0,143.0,99.0,1090.0,128.0,86.0,2016.0
91,404000,884.0,100.0,79.0,472.0,52.0,41.0,412.0,48.0,38.0,2016.0
92,40500,248.0,23.0,14.0,138.0,15.0,7.0,110.0,8.0,7.0,2016.0
93,405000,731.0,75.0,43.0,375.0,30.0,18.0,356.0,45.0,25.0,2016.0
94,40600,204.0,20.0,11.0,95.0,7.0,1.0,109.0,13.0,10.0,2016.0
95,406000,1409.0,195.0,134.0,729.0,83.0,58.0,680.0,112.0,76.0,2016.0
96,407001,2891.0,273.0,193.0,1526.0,134.0,98.0,1365.0,139.0,95.0,2016.0
97,407002,3695.0,322.0,232.0,1927.0,143.0,105.0,1768.0,179.0,127.0,2016.0
98,408001,2982.0,228.0,167.0,1578.0,119.0,88.0,1404.0,109.0,79.0,2016.0
99,408002,3582.0,204.0,170.0,1861.0,96.0,83.0,1721.0,108.0,87.0,2016.0
100,40900,762.0,102.0,72.0,404.0,54.0,41.0,358.0,48.0,31.0,2016.0
101,409000,6494.0,236.0,187.0,3294.0,92.0,72.0,3200.0,144.0,115.0,2016.0
102,410000,655.0,33.0,26.0,324.0,14.0,14.0,331.0,19.0,12.0,2016.0
103,411000,3235.0,146.0,101.0,1691.0,65.0,47.0,1544.0,81.0,54.0,2016.0
104,412001,4560.0,218.0,158.0,2356.0,85.0,63.0,2204.0,133.0,95.0,2016.0
105,412002,2967.0,155.0,114.0,1510.0,67.0,50.0,1457.0,88.0,64.0,2016.0
106,413100,3357.0,221.0,184.0,1749.0,91.0,79.0,1608.0,130.0,105.0,2016.0
107,413201,2010.0,134.0,98.0,1055.0,52.0,39.0,955.0,82.0,59.0,2016.0
108,413202,1463.0,95.0,67.0,788.0,55.0,38.0,675.0,40.0,29.0,2016.0
109,413300,2732.0,221.0,158.0,1448.0,102.0,74.0,1284.0,119.0,84.0,2016.0
110,413400,2541.0,173.0,134.0,1340.0,68.0,54.0,1201.0,105.0,80.0,2016.0
111,413500,2910.0,246.0,182.0,1577.0,122.0,92.0,1333.0,124.0,90.0,2016.0
112,414101,3270.0,193.0,149.0,1717.0,92.0,73.0,1553.0,101.0,76.0,2016.0
113,414102,4081.0,305.0,227.0,2149.0,138.0,109.0,1932.0,167.0,118.0,2016.0
114,414200,3412.0,218.0,155.0,1757.0,98.0,73.0,1655.0,120.0,82.0,2016.0
115,415001,2676.0,197.0,140.0,1345.0,88.0,64.0,1331.0,109.0,76.0,2016.0
116,415002,1532.0,105.0,80.0,797.0,51.0,38.0,735.0,54.0,42.0,2016.0
117,416000,843.0,95.0,65.0,450.0,48.0,34.0,393.0,47.0,31.0,2016.0
118,417100,1166.0,112.0,85.0,619.0,57.0,42.0,547.0,55.0,43.0,2016.0
119,417200,697.0,88.0,65.0,368.0,45.0,34.0,329.0,43.0,31.0,2016.0
120,418000,991.0,108.0,81.0,555.0,56.0,49.0,436.0,52.0,32.0,2016.0
121,419000,1613.0,180.0,116.0,883.0,97.0,54.0,730.0,83.0,62.0,2016.0
122,420000,781.0,86.0,62.0,461.0,52.0,36.0,320.0,34.0,26.0,2016.0
123,421100,2819.0,168.0,130.0,1469.0,75.0,53.0,1350.0,93.0,77.0,2016.0
124,421200,2785.0,171.0,125.0,1463.0,70.0,54.0,1322.0,101.0,71.0,2016.0
125,422000,3382.0,137.0,116.0,1725.0,46.0,37.0,1657.0,91.0,79.0,2016.0
126,423000,1352.0,77.0,54.0,767.0,48.0,34.0,585.0,29.0,20.0,2016.0
127,424000,1985.0,195.0,150.0,1118.0,114.0,89.0,867.0,81.0,61.0,2016.0
128,425000,2075.0,171.0,127.0,1139.0,80.0,59.0,936.0,91.0,68.0,2016.0
129,426300,3645.0,295.0,210.0,1983.0,139.0,89.0,1662.0,156.0,121.0,2016.0
130,426400,2573.0,229.0,177.0,1406.0,123.0,99.0,1167.0,106.0,78.0,2016.0
131,426700,1304.0,146.0,105.0,696.0,68.0,46.0,608.0,78.0,59.0,2016.0
132,426800,3184.0,275.0,206.0,1695.0,125.0,95.0,1489.0,150.0,111.0,2016.0
133,427000,1840.0,165.0,121.0,1005.0,82.0,58.0,835.0,83.0,63.0,2016.0
134,427100,3330.0,275.0,198.0,1758.0,119.0,96.0,1572.0,156.0,102.0,2016.0
135,427200,2818.0,245.0,178.0,1538.0,137.0,102.0,1280.0,108.0,76.0,2016.0
136,428100,673.0,93.0,63.0,359.0,39.0,23.0,314.0,54.0,40.0,2016.0
137,428200,1292.0,157.0,109.0,693.0,70.0,49.0,599.0,87.0,60.0,2016.0
138,429100,1267.0,116.0,85.0,692.0,55.0,46.0,575.0,61.0,39.0,2016.0
139,429201,2369.0,197.0,126.0,1245.0,91.0,58.0,1124.0,106.0,68.0,2016.0
140,429202,2680.0,208.0,154.0,1480.0,94.0,67.0,1200.0,114.0,87.0,2016.0
141,429300,3138.0,322.0,226.0,1728.0,157.0,107.0,1410.0,165.0,119.0,2016.0
142,429400,2315.0,172.0,114.0,1248.0,76.0,54.0,1067.0,96.0,60.0,2016.0
143,429500,2222.0,210.0,156.0,1272.0,107.0,80.0,950.0,103.0,76.0,2016.0
144,429600,1791.0,163.0,124.0,1004.0,87.0,65.0,787.0,76.0,59.0,2016.0
145,429700,1320.0,142.0,100.0,702.0,66.0,51.0,618.0,76.0,49.0,2016.0
146,430100,1095.0,89.0,74.0,606.0,46.0,39.0,489.0,43.0,35.0,2016.0
147,430200,2727.0,244.0,173.0,1512.0,132.0,99.0,1215.0,112.0,74.0,2016.0
148,431100,1524.0,136.0,98.0,858.0,67.0,52.0,666.0,69.0,46.0,2016.0
149,431400,931.0,76.0,65.0,521.0,34.0,32.0,410.0,42.0,33.0,2016.0
150,431500,1492.0,126.0,100.0,808.0,69.0,55.0,684.0,57.0,45.0,2016.0
151,432300,1109.0,129.0,93.0,622.0,77.0,57.0,487.0,52.0,36.0,2016.0
152,432400,1288.0,130.0,107.0,747.0,68.0,54.0,541.0,62.0,53.0,2016.0
153,434000,1040.0,45.0,36.0,552.0,25.0,23.0,488.0,20.0,13.0,2016.0
154,435000,1335.0,106.0,76.0,709.0,57.0,37.0,626.0,49.0,39.0,2016.0
155,437000,3232.0,176.0,142.0,1659.0,69.0,62.0,1573.0,107.0,80.0,2016.0
156,439000,701.0,44.0,34.0,366.0,16.0,13.0,335.0,28.0,21.0,2016.0
157,445500,1997.0,115.0,90.0,1104.0,54.0,45.0,893.0,61.0,45.0,2016.0
158,446000,937.0,31.0,22.0,489.0,17.0,11.0,448.0,14.0,11.0,2016.0
159,447000,688.0,31.0,25.0,374.0,19.0,14.0,314.0,12.0,11.0,2016.0
160,448000,612.0,61.0,40.0,351.0,31.0,17.0,261.0,30.0,23.0,2016.0
161,449000,1284.0,150.0,112.0,660.0,68.0,52.0,624.0,82.0,60.0,2016.0
162,450700,1495.0,179.0,133.0,815.0,89.0,68.0,680.0,90.0,65.0,2016.0
163,450800,1281.0,142.0,109.0,719.0,79.0,60.0,562.0,63.0,49.0,2016.0
164,451101,1828.0,137.0,97.0,990.0,66.0,44.0,838.0,71.0,53.0,2016.0
165,451102,1930.0,171.0,125.0,1014.0,79.0,59.0,916.0,92.0,66.0,2016.0
166,451104,1860.0,108.0,85.0,973.0,48.0,39.0,887.0,60.0,46.0,2016.0
167,451105,1896.0,163.0,127.0,995.0,81.0,62.0,901.0,82.0,65.0,2016.0
168,451300,3988.0,312.0,222.0,2092.0,133.0,97.0,1896.0,179.0,125.0,2016.0
169,452000,2384.0,202.0,149.0,1312.0,103.0,75.0,1072.0,99.0,74.0,2016.0
170,453003,1061.0,99.0,88.0,547.0,47.0,41.0,514.0,52.0,47.0,2016.0
171,453004,2920.0,222.0,170.0,1577.0,109.0,85.0,1343.0,113.0,85.0,2016.0
172,455000,796.0,88.0,61.0,408.0,36.0,27.0,388.0,52.0,34.0,2016.0
173,456001,1160.0,75.0,54.0,617.0,38.0,24.0,543.0,37.0,30.0,2016.0
174,456003,2407.0,167.0,120.0,1285.0,85.0,61.0,1122.0,82.0,59.0,2016.0
175,456004,2360.0,193.0,147.0,1309.0,94.0,77.0,1051.0,99.0,70.0,2016.0
176,457100,755.0,75.0,59.0,421.0,37.0,26.0,334.0,38.0,33.0,2016.0
177,457200,1837.0,209.0,153.0,1011.0,117.0,89.0,826.0,92.0,64.0,2016.0
178,458000,4652.0,456.0,314.0,2493.0,218.0,148.0,2159.0,238.0,166.0,2016.0
179,459101,1031.0,88.0,74.0,535.0,42.0,38.0,496.0,46.0,36.0,2016.0
180,459102,3145.0,242.0,175.0,1658.0,108.0,82.0,1487.0,134.0,93.0,2016.0
181,459201,3065.0,244.0,179.0,1637.0,126.0,93.0,1428.0,118.0,86.0,2016.0
182,459202,330.0,24.0,16.0,194.0,13.0,9.0,136.0,11.0,7.0,2016.0
183,460001,2657.0,260.0,176.0,1454.0,127.0,85.0,1203.0,133.0,91.0,2016.0
184,460002,2243.0,211.0,158.0,1231.0,101.0,78.0,1012.0,110.0,80.0,2016.0
185,461000,496.0,58.0,35.0,262.0,25.0,15.0,234.0,33.0,20.0,2016.0
186,462100,1586.0,167.0,124.0,882.0,74.0,60.0,704.0,93.0,64.0,2016.0
187,462600,2178.0,187.0,148.0,1194.0,98.0,79.0,984.0,89.0,69.0,2016.0
188,463900,1567.0,168.0,124.0,887.0,94.0,63.0,680.0,74.0,61.0,2016.0
189,464300,1702.0,150.0,114.0,940.0,77.0,62.0,762.0,73.0,52.0,2016.0
190,464400,1890.0,168.0,138.0,1014.0,93.0,75.0,876.0,75.0,63.0,2016.0
191,465600,1316.0,137.0,108.0,737.0,75.0,59.0,579.0,62.0,49.0,2016.0
192,465800,1755.0,122.0,87.0,946.0,57.0,46.0,809.0,65.0,41.0,2016.0
193,468700,837.0,82.0,58.0,447.0,34.0,28.0,390.0,48.0,30.0,2016.0
194,468800,1087.0,110.0,76.0,614.0,56.0,38.0,473.0,54.0,38.0,2016.0
195,468900,1849.0,175.0,136.0,1020.0,93.0,66.0,829.0,82.0,70.0,2016.0
196,469000,2569.0,213.0,146.0,1392.0,93.0,63.0,1177.0,120.0,83.0,2016.0
197,470300,2078.0,194.0,134.0,1153.0,88.0,62.0,925.0,106.0,72.0,2016.0
198,470400,1692.0,141.0,113.0,938.0,68.0,57.0,754.0,73.0,56.0,2016.0
199,470501,1333.0,98.0,63.0,732.0,43.0,29.0,601.0,55.0,34.0,2016.0
200,470502,1731.0,161.0,107.0,946.0,77.0,48.0,785.0,84.0,59.0,2016.0
201,470600,1495.0,149.0,111.0,804.0,71.0,52.0,691.0,78.0,59.0,2016.0
202,471000,583.0,57.0,39.0,303.0,27.0,18.0,280.0,30.0,21.0,2016.0
203,472100,1236.0,79.0,56.0,674.0,38.0,26.0,562.0,41.0,30.0,2016.0
204,472200,1052.0,64.0,53.0,545.0,33.0,27.0,507.0,31.0,26.0,2016.0
205,472300,921.0,80.0,59.0,509.0,36.0,29.0,412.0,44.0,30.0,2016.0
206,472400,1076.0,81.0,53.0,569.0,33.0,19.0,507.0,48.0,34.0,2016.0
207,473100,2535.0,119.0,95.0,1359.0,58.0,50.0,1176.0,61.0,45.0,2016.0
208,473200,1666.0,103.0,72.0,947.0,47.0,32.0,719.0,56.0,40.0,2016.0
209,473300,3224.0,212.0,144.0,1776.0,113.0,75.0,1448.0,99.0,69.0,2016.0
210,473401,1993.0,82.0,65.0,1041.0,33.0,26.0,952.0,49.0,39.0,2016.0
211,473402,1821.0,102.0,73.0,965.0,47.0,34.0,856.0,55.0,39.0,2016.0
212,473500,2007.0,90.0,58.0,1039.0,40.0,26.0,968.0,50.0,32.0,2016.0
213,473601,2116.0,91.0,58.0,1136.0,36.0,21.0,980.0,55.0,37.0,2016.0
214,473602,2501.0,171.0,125.0,1376.0,92.0,69.0,1125.0,79.0,56.0,2016.0
215,474101,2361.0,122.0,86.0,1225.0,54.0,38.0,1136.0,68.0,48.0,2016.0
216,474102,2112.0,104.0,74.0,1096.0,52.0,33.0,1016.0,52.0,41.0,2016.0
217,474201,1478.0,70.0,56.0,766.0,25.0,18.0,712.0,45.0,38.0,2016.0
218,474202,2862.0,161.0,112.0,1476.0,60.0,46.0,1386.0,101.0,66.0,2016.0
219,474203,2704.0,160.0,129.0,1401.0,60.0,45.0,1303.0,100.0,84.0,2016.0
220,475101,2660.0,262.0,178.0,1502.0,145.0,92.0,1158.0,117.0,86.0,2016.0
221,475102,988.0,69.0,50.0,497.0,30.0,22.0,491.0,39.0,28.0,2016.0
222,475200,2893.0,232.0,172.0,1524.0,112.0,85.0,1369.0,120.0,87.0,2016.0
223,475301,2585.0,246.0,162.0,1403.0,120.0,72.0,1182.0,126.0,90.0,2016.0
224,475303,2509.0,221.0,145.0,1333.0,89.0,64.0,1176.0,132.0,81.0,2016.0
225,475304,3074.0,190.0,135.0,1625.0,90.0,65.0,1449.0,100.0,70.0,2016.0
226,475401,2261.0,216.0,146.0,1219.0,102.0,69.0,1042.0,114.0,77.0,2016.0
227,475402,1819.0,135.0,90.0,974.0,58.0,38.0,845.0,77.0,52.0,2016.0
228,476100,2509.0,216.0,156.0,1390.0,117.0,93.0,1119.0,99.0,63.0,2016.0
229,476200,1847.0,182.0,127.0,1011.0,88.0,61.0,836.0,94.0,66.0,2016.0
230,477100,2109.0,184.0,119.0,1144.0,76.0,53.0,965.0,108.0,66.0,2016.0
231,477200,2543.0,267.0,171.0,1394.0,138.0,84.0,1149.0,129.0,87.0,2016.0
232,477300,3376.0,254.0,187.0,1755.0,127.0,91.0,1621.0,127.0,96.0,2016.0
233,478100,2289.0,196.0,128.0,1214.0,100.0,62.0,1075.0,96.0,66.0,2016.0
234,478200,3211.0,225.0,167.0,1713.0,100.0,79.0,1498.0,125.0,88.0,2016.0
235,479000,1149.0,113.0,80.0,627.0,60.0,44.0,522.0,53.0,36.0,2016.0
236,480101,2896.0,266.0,193.0,1522.0,145.0,112.0,1374.0,121.0,81.0,2016.0
237,480102,1820.0,176.0,108.0,997.0,84.0,53.0,823.0,92.0,55.0,2016.0
238,480200,2060.0,200.0,126.0,1067.0,85.0,55.0,993.0,115.0,71.0,2016.0
239,480300,2036.0,176.0,133.0,1087.0,89.0,65.0,949.0,87.0,68.0,2016.0
240,480400,2901.0,289.0,190.0,1591.0,128.0,84.0,1310.0,161.0,106.0,2016.0
241,481000,2011.0,190.0,147.0,1136.0,108.0,80.0,875.0,82.0,67.0,2016.0
242,482500,1141.0,150.0,106.0,629.0,87.0,62.0,512.0,63.0,44.0,2016.0
243,483800,1715.0,251.0,176.0,1017.0,153.0,112.0,698.0,98.0,64.0,2016.0
244,484300,1932.0,182.0,115.0,1050.0,83.0,54.0,882.0,99.0,61.0,2016.0
245,484500,3435.0,366.0,266.0,1878.0,180.0,137.0,1557.0,186.0,129.0,2016.0
246,484600,1231.0,133.0,95.0,713.0,77.0,61.0,518.0,56.0,34.0,2016.0
247,485000,697.0,63.0,41.0,394.0,33.0,24.0,303.0,30.0,17.0,2016.0
248,486700,1230.0,123.0,97.0,746.0,79.0,60.0,484.0,44.0,37.0,2016.0
249,486800,1057.0,113.0,77.0,583.0,57.0,40.0,474.0,56.0,37.0,2016.0
250,486900,841.0,85.0,58.0,490.0,51.0,35.0,351.0,34.0,23.0,2016.0
251,487000,1001.0,147.0,98.0,547.0,78.0,50.0,454.0,69.0,48.0,2016.0
252,488100,1283.0,141.0,95.0,685.0,72.0,50.0,598.0,69.0,45.0,2016.0
253,488200,2090.0,187.0,121.0,1196.0,97.0,58.0,894.0,90.0,63.0,2016.0
254,488300,1239.0,151.0,102.0,669.0,66.0,50.0,570.0,85.0,52.0,2016.0
255,488400,2560.0,263.0,194.0,1471.0,140.0,97.0,1089.0,123.0,97.0,2016.0
256,488500,1570.0,159.0,108.0,845.0,66.0,42.0,725.0,93.0,66.0,2016.0
257,488600,2817.0,278.0,192.0,1589.0,141.0,98.0,1228.0,137.0,94.0,2016.0
258,489001,2667.0,305.0,196.0,1477.0,160.0,106.0,1190.0,145.0,90.0,2016.0
259,489002,2254.0,164.0,97.0,1184.0,75.0,43.0,1070.0,89.0,54.0,2016.0
260,490002,2683.0,276.0,194.0,1457.0,129.0,101.0,1226.0,147.0,93.0,2016.0
261,490003,2126.0,160.0,108.0,1090.0,74.0,50.0,1036.0,86.0,58.0,2016.0
262,490004,3058.0,231.0,173.0,1630.0,101.0,83.0,1428.0,130.0,90.0,2016.0
263,491101,4165.0,274.0,170.0,2189.0,113.0,74.0,1976.0,161.0,96.0,2016.0
264,491200,1140.0,129.0,86.0,624.0,70.0,51.0,516.0,59.0,35.0,2016.0
265,492700,1042.0,116.0,97.0,589.0,61.0,48.0,453.0,55.0,49.0,2016.0
266,492800,1519.0,200.0,146.0,886.0,126.0,94.0,633.0,74.0,52.0,2016.0
267,492900,1219.0,135.0,101.0,706.0,77.0,57.0,513.0,58.0,44.0,2016.0
268,494000,804.0,91.0,63.0,459.0,45.0,32.0,345.0,46.0,31.0,2016.0
269,495000,1098.0,147.0,97.0,583.0,66.0,41.0,515.0,81.0,56.0,2016.0
270,496101,1870.0,195.0,128.0,1000.0,114.0,74.0,870.0,81.0,54.0,2016.0
271,496102,2666.0,351.0,202.0,1420.0,173.0,96.0,1246.0,178.0,106.0,2016.0
272,496200,3327.0,378.0,236.0,1796.0,181.0,111.0,1531.0,197.0,125.0,2016.0
273,497000,545.0,66.0,41.0,296.0,35.0,25.0,249.0,31.0,16.0,2016.0
274,498000,1484.0,205.0,138.0,804.0,92.0,64.0,680.0,113.0,74.0,2016.0
275,499300,891.0,105.0,73.0,501.0,52.0,38.0,390.0,53.0,35.0,2016.0
276,499400,1536.0,202.0,136.0,876.0,109.0,76.0,660.0,93.0,60.0,2016.0
277,500300,2081.0,228.0,158.0,1195.0,125.0,85.0,886.0,103.0,73.0,2016.0
278,50100,1112.0,134.0,95.0,669.0,86.0,64.0,443.0,48.0,31.0,2016.0
279,501000,821.0,126.0,96.0,451.0,75.0,53.0,370.0,51.0,43.0,2016.0
280,503002,3430.0,458.0,315.0,1929.0,246.0,169.0,1501.0,212.0,146.0,2016.0
281,504100,2729.0,352.0,259.0,1563.0,199.0,144.0,1166.0,153.0,115.0,2016.0
282,50600,973.0,107.0,71.0,566.0,65.0,46.0,407.0,42.0,25.0,2016.0
283,507000,1157.0,128.0,99.0,645.0,65.0,50.0,512.0,63.0,49.0,2016.0
284,508000,1099.0,117.0,87.0,614.0,65.0,51.0,485.0,52.0,36.0,2016.0
285,50900,897.0,93.0,66.0,569.0,65.0,47.0,328.0,28.0,19.0,2016.0
286,509400,2885.0,310.0,197.0,1662.0,176.0,115.0,1223.0,134.0,82.0,2016.0
287,51000,723.0,79.0,59.0,444.0,51.0,39.0,279.0,28.0,20.0,2016.0
288,510000,1151.0,93.0,73.0,666.0,49.0,40.0,485.0,44.0,33.0,2016.0
289,51100,170.0,16.0,14.0,113.0,14.0,12.0,57.0,2.0,2.0,2016.0
290,512000,1172.0,154.0,110.0,653.0,73.0,53.0,519.0,81.0,57.0,2016.0
291,512800,760.0,77.0,56.0,444.0,45.0,33.0,316.0,32.0,23.0,2016.0
292,512900,647.0,71.0,46.0,367.0,44.0,25.0,280.0,27.0,21.0,2016.0
293,513800,1207.0,143.0,111.0,708.0,95.0,72.0,499.0,48.0,39.0,2016.0
294,514000,1239.0,116.0,85.0,763.0,73.0,54.0,476.0,43.0,31.0,2016.0
295,515100,1489.0,150.0,108.0,854.0,84.0,59.0,635.0,66.0,49.0,2016.0
296,515200,1049.0,112.0,83.0,612.0,63.0,46.0,437.0,49.0,37.0,2016.0
297,515300,988.0,111.0,79.0,611.0,81.0,57.0,377.0,30.0,22.0,2016.0
298,515401,1179.0,67.0,53.0,691.0,35.0,30.0,488.0,32.0,23.0,2016.0
299,516100,732.0,38.0,34.0,397.0,13.0,11.0,335.0,25.0,23.0,2016.0
300,516200,978.0,45.0,35.0,535.0,28.0,24.0,443.0,17.0,11.0,2016.0
301,517000,956.0,138.0,95.0,549.0,67.0,41.0,407.0,71.0,54.0,2016.0
302,518001,2054.0,189.0,127.0,1181.0,114.0,73.0,873.0,75.0,54.0,2016.0
303,519000,1810.0,169.0,113.0,963.0,71.0,45.0,847.0,98.0,68.0,2016.0
304,520001,1703.0,210.0,138.0,929.0,104.0,65.0,774.0,106.0,73.0,2016.0
305,520002,1739.0,194.0,131.0,959.0,104.0,72.0,780.0,90.0,59.0,2016.0
306,521100,2532.0,279.0,197.0,1367.0,131.0,95.0,1165.0,148.0,102.0,2016.0
307,521200,2202.0,213.0,150.0,1212.0,102.0,72.0,990.0,111.0,78.0,2016.0
308,521301,2156.0,260.0,185.0,1242.0,148.0,106.0,914.0,112.0,79.0,2016.0
309,521302,2249.0,204.0,145.0,1223.0,108.0,74.0,1026.0,96.0,71.0,2016.0
310,521401,1406.0,179.0,130.0,783.0,82.0,62.0,623.0,97.0,68.0,2016.0
311,521402,2278.0,195.0,141.0,1193.0,80.0,66.0,1085.0,115.0,75.0,2016.0
312,521500,2351.0,261.0,176.0,1263.0,123.0,78.0,1088.0,138.0,98.0,2016.0
313,522000,1897.0,171.0,126.0,1065.0,91.0,70.0,832.0,80.0,56.0,2016.0
314,523100,2251.0,307.0,191.0,1325.0,180.0,111.0,926.0,127.0,80.0,2016.0
315,523200,2259.0,246.0,158.0,1311.0,148.0,98.0,948.0,98.0,60.0,2016.0
316,523300,2164.0,222.0,159.0,1194.0,117.0,84.0,970.0,105.0,75.0,2016.0
317,523400,2829.0,336.0,209.0,1635.0,181.0,109.0,1194.0,155.0,100.0,2016.0
318,523501,2589.0,310.0,205.0,1417.0,149.0,95.0,1172.0,161.0,110.0,2016.0
319,523502,878.0,103.0,68.0,506.0,55.0,44.0,372.0,48.0,24.0,2016.0
320,523600,2687.0,347.0,243.0,1504.0,181.0,126.0,1183.0,166.0,117.0,2016.0
321,523701,2372.0,263.0,181.0,1305.0,129.0,86.0,1067.0,134.0,95.0,2016.0
322,523702,2965.0,355.0,242.0,1669.0,190.0,134.0,1296.0,165.0,108.0,2016.0
323,523800,2687.0,297.0,181.0,1475.0,136.0,85.0,1212.0,161.0,96.0,2016.0
324,524000,1383.0,132.0,93.0,737.0,65.0,49.0,646.0,67.0,44.0,2016.0
325,525100,1139.0,67.0,43.0,645.0,29.0,21.0,494.0,38.0,22.0,2016.0
326,525200,1187.0,128.0,81.0,682.0,71.0,48.0,505.0,57.0,33.0,2016.0
327,525300,1277.0,111.0,76.0,685.0,55.0,33.0,592.0,56.0,43.0,2016.0
328,526101,2292.0,192.0,132.0,1220.0,106.0,74.0,1072.0,86.0,58.0,2016.0
329,526102,1137.0,100.0,62.0,589.0,52.0,37.0,548.0,48.0,25.0,2016.0
330,526201,2294.0,239.0,157.0,1207.0,115.0,87.0,1087.0,124.0,70.0,2016.0
331,526202,2706.0,235.0,165.0,1438.0,108.0,73.0,1268.0,127.0,92.0,2016.0
332,526301,2349.0,266.0,185.0,1251.0,129.0,88.0,1098.0,137.0,97.0,2016.0
333,526302,2598.0,243.0,176.0,1364.0,113.0,83.0,1234.0,130.0,93.0,2016.0
334,550900,949.0,117.0,88.0,521.0,65.0,44.0,428.0,52.0,44.0,2016.0
335,551200,1868.0,207.0,156.0,1053.0,116.0,89.0,815.0,91.0,67.0,2016.0
336,551300,1401.0,168.0,134.0,770.0,91.0,70.0,631.0,77.0,64.0,2016.0
337,551900,765.0,113.0,82.0,425.0,72.0,53.0,340.0,41.0,29.0,2016.0
338,552000,1635.0,176.0,140.0,958.0,97.0,79.0,677.0,79.0,61.0,2016.0
339,552100,604.0,84.0,65.0,341.0,49.0,37.0,263.0,35.0,28.0,2016.0
340,552200,604.0,69.0,50.0,337.0,36.0,28.0,267.0,33.0,22.0,2016.0
341,552300,1404.0,149.0,112.0,775.0,81.0,60.0,629.0,68.0,52.0,2016.0
342,552400,1740.0,233.0,171.0,948.0,122.0,91.0,792.0,111.0,80.0,2016.0
343,560400,644.0,78.0,52.0,377.0,51.0,34.0,267.0,27.0,18.0,2016.0
344,560500,1022.0,53.0,37.0,574.0,28.0,23.0,448.0,25.0,14.0,2016.0
345,560600,623.0,76.0,52.0,363.0,49.0,38.0,260.0,27.0,14.0,2016.0
346,561000,729.0,64.0,54.0,411.0,28.0,22.0,318.0,36.0,32.0,2016.0
347,561100,517.0,42.0,26.0,294.0,21.0,14.0,223.0,21.0,12.0,2016.0
348,561200,688.0,76.0,55.0,392.0,38.0,31.0,296.0,38.0,24.0,2016.0
349,561400,2323.0,331.0,220.0,1414.0,201.0,130.0,909.0,130.0,90.0,2016.0
350,561500,1467.0,187.0,125.0,900.0,115.0,74.0,567.0,72.0,51.0,2016.0
351,561600,1244.0,103.0,72.0,714.0,60.0,40.0,530.0,43.0,32.0,2016.0
352,561700,396.0,34.0,28.0,213.0,20.0,18.0,183.0,14.0,10.0,2016.0
353,561900,1190.0,190.0,124.0,701.0,114.0,79.0,489.0,76.0,45.0,2016.0
354,562000,845.0,85.0,70.0,448.0,46.0,36.0,397.0,39.0,34.0,2016.0
355,562300,1866.0,231.0,174.0,1083.0,141.0,110.0,783.0,90.0,64.0,2016.0
356,562400,1481.0,140.0,102.0,848.0,85.0,63.0,633.0,55.0,39.0,2016.0
357,562500,1712.0,160.0,125.0,974.0,92.0,73.0,738.0,68.0,52.0,2016.0
358,562600,1474.0,134.0,106.0,785.0,65.0,49.0,689.0,69.0,57.0,2016.0
359,562700,760.0,57.0,47.0,432.0,33.0,29.0,328.0,24.0,18.0,2016.0
360,562800,732.0,103.0,68.0,393.0,57.0,39.0,339.0,46.0,29.0,2016.0
361,562900,1041.0,100.0,79.0,590.0,60.0,47.0,451.0,40.0,32.0,2016.0
362,563000,1428.0,152.0,116.0,821.0,79.0,64.0,607.0,73.0,52.0,2016.0
363,563100,1995.0,171.0,128.0,1061.0,91.0,71.0,934.0,80.0,57.0,2016.0
364,563200,1068.0,127.0,99.0,538.0,61.0,48.0,530.0,66.0,51.0,2016.0
365,563300,897.0,39.0,24.0,468.0,17.0,10.0,429.0,22.0,14.0,2016.0
366,563800,1908.0,145.0,100.0,1025.0,72.0,51.0,883.0,73.0,49.0,2016.0
367,563900,2143.0,224.0,155.0,1198.0,118.0,79.0,945.0,106.0,76.0,2016.0
368,564000,1819.0,150.0,92.0,987.0,89.0,53.0,832.0,61.0,39.0,2016.0
369,564100,528.0,30.0,20.0,267.0,9.0,6.0,261.0,21.0,14.0,2016.0
370,564200,1056.0,139.0,95.0,575.0,74.0,54.0,481.0,65.0,41.0,2016.0
371,564400,3160.0,379.0,265.0,1749.0,191.0,128.0,1411.0,188.0,137.0,2016.0
372,564500,940.0,106.0,65.0,518.0,62.0,37.0,422.0,44.0,28.0,2016.0
373,60300,1170.0,104.0,75.0,604.0,59.0,44.0,566.0,45.0,31.0,2016.0
374,60500,737.0,55.0,39.0,389.0,22.0,20.0,348.0,33.0,19.0,2016.0
375,70300,832.0,35.0,19.0,422.0,19.0,8.0,410.0,16.0,11.0,2016.0
376,70500,942.0,32.0,20.0,479.0,12.0,7.0,463.0,20.0,13.0,2016.0
377,70600,861.0,41.0,26.0,490.0,25.0,15.0,371.0,16.0,11.0,2016.0
378,70800,707.0,28.0,14.0,380.0,13.0,5.0,327.0,15.0,9.0,2016.0
379,70900,1438.0,66.0,43.0,771.0,25.0,20.0,667.0,41.0,23.0,2016.0
380,80200,816.0,78.0,58.0,450.0,49.0,39.0,366.0,29.0,19.0,2016.0
381,80400,569.0,36.0,22.0,291.0,20.0,9.0,278.0,16.0,13.0,2016.0
382,80600,893.0,38.0,26.0,458.0,22.0,15.0,435.0,16.0,11.0,2016.0
383,80700,603.0,28.0,14.0,325.0,12.0,4.0,278.0,16.0,10.0,2016.0
384,80900,818.0,76.0,63.0,448.0,43.0,37.0,370.0,33.0,26.0,2016.0
385,90100,917.0,79.0,58.0,480.0,45.0,31.0,437.0,34.0,27.0,2016.0
386,90200,1256.0,121.0,89.0,715.0,58.0,45.0,541.0,63.0,44.0,2016.0
387,90300,778.0,84.0,67.0,426.0,41.0,35.0,352.0,43.0,32.0,2016.0
389,980100,8.0,0.0,0.0,7.0,0.0,0.0,1.0,0.0,0.0,2016.0
390,980700,10.0,0.0,0.0,5.0,0.0,0.0,5.0,0.0,0.0,2016.0
